source	target	weight
ap	boxes	0.0905
ap	mallory	0.0865
ap	invalid	0.08549999999999999
ap	sale	0.08449999999999999
ap	bags	0.08399999999999999
ap	oil	0.08399999999999999
ap	cases	0.08349999999999999
ap	eggs	0.08249999999999999
ap	bbls	0.08199999999999999
boxes	mallory	0.031
boxes	invalid	0.030000000000000002
boxes	sale	0.029
bags	boxes	0.0285
boxes	oil	0.0285
boxes	cases	0.028000000000000004
boxes	eggs	0.027000000000000003
bbls	boxes	0.026500000000000003
invalid	mallory	0.026000000000000002
mallory	sale	0.025
bags	mallory	0.0245
mallory	oil	0.0245
cases	mallory	0.024
eggs	mallory	0.023
bbls	mallory	0.0225
invalid	sale	0.024
bags	invalid	0.0235
invalid	oil	0.0235
cases	invalid	0.023
eggs	invalid	0.022
bbls	invalid	0.0215
bags	sale	0.0225
oil	sale	0.0225
cases	sale	0.022
eggs	sale	0.020999999999999998
bbls	sale	0.020499999999999997
bags	oil	0.022
bags	cases	0.0215
bags	eggs	0.020499999999999997
bags	bbls	0.019999999999999997
cases	oil	0.0215
eggs	oil	0.020499999999999997
bbls	oil	0.019999999999999997
cases	eggs	0.02
bbls	cases	0.0195
bbls	eggs	0.0185
quartermaster	stout	0.032
july	quartermaster	0.0315
quartermaster	september	0.0305
height	quartermaster	0.0305
horse	quartermaster	0.029
quartermaster	station	0.029
depot	quartermaster	0.0285
quartermaster	rather	0.027500000000000004
manchester	quartermaster	0.027500000000000004
july	stout	0.0285
september	stout	0.0275
height	stout	0.0275
horse	stout	0.026000000000000002
station	stout	0.026000000000000002
depot	stout	0.025500000000000002
rather	stout	0.0245
manchester	stout	0.0245
july	september	0.027
height	july	0.027
horse	july	0.025500000000000002
july	station	0.025500000000000002
depot	july	0.025
july	rather	0.024
july	manchester	0.024
height	september	0.026
horse	september	0.0245
september	station	0.0245
depot	september	0.024
rather	september	0.023
manchester	september	0.023
height	horse	0.0245
height	station	0.0245
depot	height	0.024
height	rather	0.023
height	manchester	0.023
horse	station	0.023
depot	horse	0.0225
horse	rather	0.0215
horse	manchester	0.0215
depot	station	0.0225
rather	station	0.0215
manchester	station	0.0215
depot	rather	0.020999999999999998
depot	manchester	0.020999999999999998
manchester	rather	0.02
capt	company	0.058
company	service	0.058
company	order	0.053500000000000006
camp	company	0.052500000000000005
battalion	company	0.052000000000000005
company	va	0.051000000000000004
clock	company	0.0505
company	lieut	0.0505
artillery	company	0.05
capt	service	0.032
capt	order	0.0275
camp	capt	0.026500000000000003
battalion	capt	0.026000000000000002
capt	va	0.025
capt	clock	0.0245
capt	lieut	0.0245
artillery	capt	0.024
order	service	0.0275
camp	service	0.026500000000000003
battalion	service	0.026000000000000002
service	va	0.025
clock	service	0.0245
lieut	service	0.0245
artillery	service	0.024
camp	order	0.022
battalion	order	0.0215
order	va	0.020499999999999997
clock	order	0.02
lieut	order	0.02
artillery	order	0.0195
battalion	camp	0.0205
camp	va	0.0195
camp	clock	0.019000000000000003
camp	lieut	0.019000000000000003
artillery	camp	0.018500000000000003
battalion	va	0.019
battalion	clock	0.018500000000000003
battalion	lieut	0.018500000000000003
artillery	battalion	0.018000000000000002
clock	va	0.0175
lieut	va	0.0175
artillery	va	0.017
clock	lieut	0.017
artillery	clock	0.0165
artillery	lieut	0.0165
cents	notes	0.0465
cents	currency	0.045
bank	cents	0.045
bushel	cents	0.0405
cents	gold	0.0335
cent	cents	0.033
butter	cents	0.0315
bacon	cents	0.0315
cents	lb	0.0315
currency	notes	0.042499999999999996
bank	notes	0.042499999999999996
bushel	notes	0.038
gold	notes	0.031
cent	notes	0.0305
butter	notes	0.028999999999999998
bacon	notes	0.028999999999999998
lb	notes	0.028999999999999998
bank	currency	0.041
bushel	currency	0.036500000000000005
currency	gold	0.0295
cent	currency	0.029
butter	currency	0.0275
bacon	currency	0.0275
currency	lb	0.0275
bank	bushel	0.036500000000000005
bank	gold	0.0295
bank	cent	0.029
bank	butter	0.0275
bacon	bank	0.0275
bank	lb	0.0275
bushel	gold	0.025
bushel	cent	0.0245
bushel	butter	0.023
bacon	bushel	0.023
bushel	lb	0.023
cent	gold	0.0175
butter	gold	0.016
bacon	gold	0.016
gold	lb	0.016
butter	cent	0.0155
bacon	cent	0.0155
cent	lb	0.0155
bacon	butter	0.014
butter	lb	0.014
bacon	lb	0.014
dozen	iron	0.06
burn	iron	0.058499999999999996
chickahominy	iron	0.054
iron	wooden	0.0495
cedar	iron	0.047
iron	ring	0.0465
iron	silver	0.0465
figures	iron	0.0465
iron	steel	0.046
burn	dozen	0.0405
chickahominy	dozen	0.036000000000000004
dozen	wooden	0.0315
cedar	dozen	0.029
dozen	ring	0.0285
dozen	silver	0.0285
dozen	figures	0.0285
dozen	steel	0.028
burn	chickahominy	0.0345
burn	wooden	0.03
burn	cedar	0.0275
burn	ring	0.027
burn	silver	0.027
burn	figures	0.027
burn	steel	0.0265
chickahominy	wooden	0.025500000000000002
cedar	chickahominy	0.023
chickahominy	ring	0.0225
chickahominy	silver	0.0225
chickahominy	figures	0.0225
chickahominy	steel	0.022
cedar	wooden	0.018500000000000003
ring	wooden	0.018000000000000002
silver	wooden	0.018000000000000002
figures	wooden	0.018000000000000002
steel	wooden	0.0175
cedar	ring	0.0155
cedar	silver	0.0155
cedar	figures	0.0155
cedar	steel	0.015
ring	silver	0.015
figures	ring	0.015
ring	steel	0.014499999999999999
figures	silver	0.015
silver	steel	0.014499999999999999
figures	steel	0.014499999999999999
county	va	0.069
county	virginia	0.0625
county	sheridan	0.06
county	petersburg	0.0595
county	slightly	0.058499999999999996
county	fredericksburg	0.057499999999999996
county	cumberland	0.056999999999999995
county	frederick	0.056999999999999995
county	orange	0.056999999999999995
va	virginia	0.0285
sheridan	va	0.026000000000000002
petersburg	va	0.025500000000000002
slightly	va	0.0245
fredericksburg	va	0.0235
cumberland	va	0.023
frederick	va	0.023
orange	va	0.023
sheridan	virginia	0.0195
petersburg	virginia	0.019
slightly	virginia	0.018
fredericksburg	virginia	0.017
cumberland	virginia	0.0165
frederick	virginia	0.0165
orange	virginia	0.0165
petersburg	sheridan	0.0165
sheridan	slightly	0.0155
fredericksburg	sheridan	0.0145
cumberland	sheridan	0.014
frederick	sheridan	0.014
orange	sheridan	0.014
petersburg	slightly	0.015
fredericksburg	petersburg	0.014
cumberland	petersburg	0.0135
frederick	petersburg	0.0135
orange	petersburg	0.0135
fredericksburg	slightly	0.013000000000000001
cumberland	slightly	0.0125
frederick	slightly	0.0125
orange	slightly	0.0125
cumberland	fredericksburg	0.0115
frederick	fredericksburg	0.0115
fredericksburg	orange	0.0115
cumberland	frederick	0.011
cumberland	orange	0.011
frederick	orange	0.011
bonds	treasury	0.104
cent	treasury	0.076
notes	treasury	0.064
january	treasury	0.064
exchange	treasury	0.064
interest	treasury	0.064
coupon	treasury	0.0635
payment	treasury	0.063
registered	treasury	0.062
bonds	cent	0.075
bonds	notes	0.063
bonds	january	0.063
bonds	exchange	0.063
bonds	interest	0.063
bonds	coupon	0.0625
bonds	payment	0.062
bonds	registered	0.061
cent	notes	0.035
cent	january	0.035
cent	exchange	0.035
cent	interest	0.035
cent	coupon	0.0345
cent	payment	0.034
cent	registered	0.033
january	notes	0.023
exchange	notes	0.023
interest	notes	0.023
coupon	notes	0.0225
notes	payment	0.022
notes	registered	0.020999999999999998
exchange	january	0.023
interest	january	0.023
coupon	january	0.0225
january	payment	0.022
january	registered	0.020999999999999998
exchange	interest	0.023
coupon	exchange	0.0225
exchange	payment	0.022
exchange	registered	0.020999999999999998
coupon	interest	0.0225
interest	payment	0.022
interest	registered	0.020999999999999998
coupon	payment	0.0215
coupon	registered	0.020499999999999997
payment	registered	0.02
hair	mulatto	0.065
hair	wanted	0.0645
corpus	hair	0.064
habeas	hair	0.0635
hair	writ	0.0615
hair	paid	0.0595
girl	hair	0.054
hair	skin	0.053
hair	se	0.0515
mulatto	wanted	0.042499999999999996
corpus	mulatto	0.041999999999999996
habeas	mulatto	0.041499999999999995
mulatto	writ	0.03949999999999999
mulatto	paid	0.0375
girl	mulatto	0.032
mulatto	skin	0.031
mulatto	se	0.0295
corpus	wanted	0.0415
habeas	wanted	0.041
wanted	writ	0.039
paid	wanted	0.037000000000000005
girl	wanted	0.0315
skin	wanted	0.0305
se	wanted	0.029
corpus	habeas	0.0405
corpus	writ	0.0385
corpus	paid	0.036500000000000005
corpus	girl	0.031
corpus	skin	0.03
corpus	se	0.0285
habeas	writ	0.038
habeas	paid	0.036000000000000004
girl	habeas	0.0305
habeas	skin	0.0295
habeas	se	0.028
paid	writ	0.034
girl	writ	0.028499999999999998
skin	writ	0.027499999999999997
se	writ	0.026
girl	paid	0.026500000000000003
paid	skin	0.025500000000000002
paid	se	0.024
girl	skin	0.02
girl	se	0.018500000000000003
se	skin	0.0175
address	supplies	0.062
address	libby	0.055999999999999994
address	box	0.05449999999999999
address	army	0.05449999999999999
address	dickinson	0.051
address	dollar	0.048499999999999995
address	pairs	0.048
address	descriptive	0.047
address	dutch	0.0455
libby	supplies	0.047
box	supplies	0.0455
army	supplies	0.0455
dickinson	supplies	0.041999999999999996
dollar	supplies	0.0395
pairs	supplies	0.039
descriptive	supplies	0.038
dutch	supplies	0.0365
box	libby	0.0395
army	libby	0.0395
dickinson	libby	0.036000000000000004
dollar	libby	0.0335
libby	pairs	0.033
descriptive	libby	0.032
dutch	libby	0.0305
army	box	0.038
box	dickinson	0.0345
box	dollar	0.032
box	pairs	0.0315
box	descriptive	0.0305
box	dutch	0.028999999999999998
army	dickinson	0.0345
army	dollar	0.032
army	pairs	0.0315
army	descriptive	0.0305
army	dutch	0.028999999999999998
dickinson	dollar	0.028499999999999998
dickinson	pairs	0.028
descriptive	dickinson	0.027
dickinson	dutch	0.025500000000000002
dollar	pairs	0.025500000000000002
descriptive	dollar	0.0245
dollar	dutch	0.023
descriptive	pairs	0.024
dutch	pairs	0.0225
descriptive	dutch	0.0215
john	wm	0.033
john	smith	0.031
john	page	0.024
jas	john	0.024
henry	john	0.0235
davis	john	0.0235
john	va	0.0225
john	williams	0.022
chas	john	0.022
smith	wm	0.031
page	wm	0.024
jas	wm	0.024
henry	wm	0.0235
davis	wm	0.0235
va	wm	0.0225
williams	wm	0.022
chas	wm	0.022
page	smith	0.022
jas	smith	0.022
henry	smith	0.021500000000000002
davis	smith	0.021500000000000002
smith	va	0.0205
smith	williams	0.02
chas	smith	0.02
jas	page	0.015
henry	page	0.014499999999999999
davis	page	0.014499999999999999
page	va	0.0135
page	williams	0.013
chas	page	0.013
henry	jas	0.014499999999999999
davis	jas	0.014499999999999999
jas	va	0.0135
jas	williams	0.013
chas	jas	0.013
davis	henry	0.014
henry	va	0.013000000000000001
henry	williams	0.0125
chas	henry	0.0125
davis	va	0.013000000000000001
davis	williams	0.0125
chas	davis	0.0125
va	williams	0.0115
chas	va	0.0115
chas	williams	0.011
brigadier	gold	0.0785
brigadier	worth	0.0555
brigadier	runaways	0.05500000000000001
acquitted	brigadier	0.053500000000000006
brigadier	claiming	0.052000000000000005
agents	brigadier	0.051500000000000004
brigadier	watches	0.05
brigadier	yards	0.0495
bloom	brigadier	0.0495
gold	worth	0.048999999999999995
gold	runaways	0.0485
acquitted	gold	0.047
claiming	gold	0.0455
agents	gold	0.045
gold	watches	0.0435
gold	yards	0.043
bloom	gold	0.043
runaways	worth	0.025500000000000002
acquitted	worth	0.024
claiming	worth	0.0225
agents	worth	0.022
watches	worth	0.020499999999999997
worth	yards	0.02
bloom	worth	0.02
acquitted	runaways	0.0235
claiming	runaways	0.022
agents	runaways	0.0215
runaways	watches	0.02
runaways	yards	0.0195
bloom	runaways	0.0195
acquitted	claiming	0.020499999999999997
acquitted	agents	0.019999999999999997
acquitted	watches	0.0185
acquitted	yards	0.018
acquitted	bloom	0.018
agents	claiming	0.0185
claiming	watches	0.017
claiming	yards	0.0165
bloom	claiming	0.0165
agents	watches	0.0165
agents	yards	0.016
agents	bloom	0.016
watches	yards	0.014499999999999999
bloom	watches	0.014499999999999999
bloom	yards	0.014
general	officers	0.066
general	officer	0.05499999999999999
general	orders	0.05499999999999999
general	major	0.046
general	order	0.046
bureau	general	0.0445
duty	general	0.044
commandants	general	0.044
command	general	0.0435
officer	officers	0.049
officers	orders	0.049
major	officers	0.04
officers	order	0.04
bureau	officers	0.0385
duty	officers	0.038
commandants	officers	0.038
command	officers	0.0375
officer	orders	0.038
major	officer	0.028999999999999998
officer	order	0.028999999999999998
bureau	officer	0.0275
duty	officer	0.027
commandants	officer	0.027
command	officer	0.0265
major	orders	0.028999999999999998
order	orders	0.028999999999999998
bureau	orders	0.0275
duty	orders	0.027
commandants	orders	0.027
command	orders	0.0265
major	order	0.02
bureau	major	0.018500000000000003
duty	major	0.018000000000000002
commandants	major	0.018000000000000002
command	major	0.0175
bureau	order	0.018500000000000003
duty	order	0.018000000000000002
commandants	order	0.018000000000000002
command	order	0.0175
bureau	duty	0.0165
bureau	commandants	0.0165
bureau	command	0.016
commandants	duty	0.016
command	duty	0.0155
command	commandants	0.0155
certificates	treasurer	0.0665
certificates	notes	0.066
applications	certificates	0.0605
certificates	secretary	0.0605
certificates	payable	0.059500000000000004
certificates	issued	0.058
certificates	surgeon	0.0555
certificates	rate	0.052000000000000005
certificates	eod	0.0505
notes	treasurer	0.0485
applications	treasurer	0.043
secretary	treasurer	0.043
payable	treasurer	0.042
issued	treasurer	0.0405
surgeon	treasurer	0.038
rate	treasurer	0.0345
eod	treasurer	0.033
applications	notes	0.042499999999999996
notes	secretary	0.042499999999999996
notes	payable	0.0415
issued	notes	0.04
notes	surgeon	0.0375
notes	rate	0.034
eod	notes	0.0325
applications	secretary	0.037
applications	payable	0.036000000000000004
applications	issued	0.0345
applications	surgeon	0.032
applications	rate	0.028499999999999998
applications	eod	0.027
payable	secretary	0.036000000000000004
issued	secretary	0.0345
secretary	surgeon	0.032
rate	secretary	0.028499999999999998
eod	secretary	0.027
issued	payable	0.0335
payable	surgeon	0.031
payable	rate	0.027500000000000004
eod	payable	0.026000000000000002
issued	surgeon	0.0295
issued	rate	0.026000000000000002
eod	issued	0.0245
rate	surgeon	0.0235
eod	surgeon	0.022
eod	rate	0.018500000000000003
dr	mr	0.045
john	mr	0.0445
james	mr	0.0405
miss	mr	0.0395
mr	thomas	0.0385
mr	rev	0.038
mr	william	0.037
jones	mr	0.0365
mr	wm	0.036
dr	john	0.0375
dr	james	0.0335
dr	miss	0.0325
dr	thomas	0.0315
dr	rev	0.031
dr	william	0.03
dr	jones	0.0295
dr	wm	0.028999999999999998
james	john	0.033
john	miss	0.032
john	thomas	0.031
john	rev	0.0305
john	william	0.0295
john	jones	0.028999999999999998
john	wm	0.028499999999999998
james	miss	0.028
james	thomas	0.027000000000000003
james	rev	0.026500000000000003
james	william	0.025500000000000002
james	jones	0.025
james	wm	0.0245
miss	thomas	0.026000000000000002
miss	rev	0.025500000000000002
miss	william	0.0245
jones	miss	0.024
miss	wm	0.0235
rev	thomas	0.0245
thomas	william	0.0235
jones	thomas	0.023
thomas	wm	0.0225
rev	william	0.023
jones	rev	0.0225
rev	wm	0.022
jones	william	0.0215
william	wm	0.020999999999999998
jones	wm	0.0205
hire	negroes	0.051000000000000004
hire	servant	0.05
hire	ja	0.0485
cook	hire	0.046
hire	wanted	0.046
hire	house	0.0455
hire	negro	0.044
hire	woman	0.043
hire	office	0.0405
negroes	servant	0.039
ja	negroes	0.037500000000000006
cook	negroes	0.035
negroes	wanted	0.035
house	negroes	0.0345
negro	negroes	0.033
negroes	woman	0.032
negroes	office	0.0295
ja	servant	0.036500000000000005
cook	servant	0.034
servant	wanted	0.034
house	servant	0.0335
negro	servant	0.032
servant	woman	0.031
office	servant	0.028499999999999998
cook	ja	0.0325
ja	wanted	0.0325
house	ja	0.032
ja	negro	0.0305
ja	woman	0.029500000000000002
ja	office	0.027000000000000003
cook	wanted	0.03
cook	house	0.0295
cook	negro	0.027999999999999997
cook	woman	0.027
cook	office	0.0245
house	wanted	0.0295
negro	wanted	0.027999999999999997
wanted	woman	0.027
office	wanted	0.0245
house	negro	0.0275
house	woman	0.026500000000000003
house	office	0.024
negro	woman	0.025
negro	office	0.0225
office	woman	0.0215
country	yankee	0.008
life	yankee	0.007
yankee	yankees	0.007
think	yankee	0.006500000000000001
hope	yankee	0.006500000000000001
better	yankee	0.006500000000000001
enough	yankee	0.006500000000000001
work	yankee	0.006500000000000001
city	yankee	0.006500000000000001
country	life	0.005
country	yankees	0.005
country	think	0.0045000000000000005
country	hope	0.0045000000000000005
better	country	0.0045000000000000005
country	enough	0.0045000000000000005
country	work	0.0045000000000000005
city	country	0.0045000000000000005
life	yankees	0.004
life	think	0.0035
hope	life	0.0035
better	life	0.0035
enough	life	0.0035
life	work	0.0035
city	life	0.0035
think	yankees	0.0035
hope	yankees	0.0035
better	yankees	0.0035
enough	yankees	0.0035
work	yankees	0.0035
city	yankees	0.0035
hope	think	0.003
better	think	0.003
enough	think	0.003
think	work	0.003
city	think	0.003
better	hope	0.003
enough	hope	0.003
hope	work	0.003
city	hope	0.003
better	enough	0.003
better	work	0.003
better	city	0.003
enough	work	0.003
city	enough	0.003
city	work	0.003
miss	mrs	0.0825
gray	mrs	0.07200000000000001
mrs	stuart	0.0685
harris	mrs	0.067
mrs	wheeler	0.0665
mrs	wilson	0.064
mrs	phillips	0.0635
bradley	mrs	0.0625
gaines	mrs	0.062
gray	miss	0.040499999999999994
miss	stuart	0.037
harris	miss	0.0355
miss	wheeler	0.034999999999999996
miss	wilson	0.0325
miss	phillips	0.032
bradley	miss	0.031
gaines	miss	0.0305
gray	stuart	0.0265
gray	harris	0.025
gray	wheeler	0.0245
gray	wilson	0.022
gray	phillips	0.0215
bradley	gray	0.020499999999999997
gaines	gray	0.02
harris	stuart	0.0215
stuart	wheeler	0.020999999999999998
stuart	wilson	0.0185
phillips	stuart	0.018
bradley	stuart	0.017
gaines	stuart	0.0165
harris	wheeler	0.0195
harris	wilson	0.017
harris	phillips	0.0165
bradley	harris	0.0155
gaines	harris	0.015
wheeler	wilson	0.0165
phillips	wheeler	0.016
bradley	wheeler	0.015
gaines	wheeler	0.014499999999999999
phillips	wilson	0.0135
bradley	wilson	0.0125
gaines	wilson	0.012
bradley	phillips	0.012
gaines	phillips	0.0115
bradley	gaines	0.010499999999999999
court	sale	0.023
auction	sale	0.022
property	sale	0.020499999999999997
sale	sell	0.02
clock	sale	0.0195
february	sale	0.019
sale	sold	0.019
estate	sale	0.019
county	sale	0.0185
auction	court	0.019
court	property	0.0175
court	sell	0.017
clock	court	0.0165
court	february	0.016
court	sold	0.016
court	estate	0.016
county	court	0.0155
auction	property	0.0165
auction	sell	0.016
auction	clock	0.0155
auction	february	0.015
auction	sold	0.015
auction	estate	0.015
auction	county	0.014499999999999999
property	sell	0.014499999999999999
clock	property	0.013999999999999999
february	property	0.0135
property	sold	0.0135
estate	property	0.0135
county	property	0.013
clock	sell	0.0135
february	sell	0.013000000000000001
sell	sold	0.013000000000000001
estate	sell	0.013000000000000001
county	sell	0.0125
clock	february	0.0125
clock	sold	0.0125
clock	estate	0.0125
clock	county	0.012
february	sold	0.012
estate	february	0.012
county	february	0.0115
estate	sold	0.012
county	sold	0.0115
county	estate	0.0115
government	war	0.019
south	war	0.0165
states	war	0.016
north	war	0.0155
southern	war	0.014499999999999999
united	war	0.014499999999999999
england	war	0.014499999999999999
northern	war	0.014499999999999999
lincoln	war	0.013999999999999999
government	south	0.0135
government	states	0.013000000000000001
government	north	0.0125
government	southern	0.0115
government	united	0.0115
england	government	0.0115
government	northern	0.0115
government	lincoln	0.011
south	states	0.010499999999999999
north	south	0.009999999999999998
south	southern	0.009
south	united	0.009
england	south	0.009
northern	south	0.009
lincoln	south	0.0085
north	states	0.0095
southern	states	0.0085
states	united	0.0085
england	states	0.0085
northern	states	0.0085
lincoln	states	0.008
north	southern	0.008
north	united	0.008
england	north	0.008
north	northern	0.008
lincoln	north	0.0075
southern	united	0.007
england	southern	0.007
northern	southern	0.007
lincoln	southern	0.006500000000000001
england	united	0.007
northern	united	0.007
lincoln	united	0.006500000000000001
england	northern	0.007
england	lincoln	0.006500000000000001
lincoln	northern	0.006500000000000001
butler	captain	0.028999999999999998
butler	navy	0.027
butler	capt	0.026500000000000003
boat	butler	0.025500000000000002
butler	clock	0.0245
butler	vessel	0.0245
board	butler	0.024
butler	witnesses	0.023
butler	shot	0.022
captain	navy	0.024
capt	captain	0.0235
boat	captain	0.0225
captain	clock	0.0215
captain	vessel	0.0215
board	captain	0.020999999999999998
captain	witnesses	0.02
captain	shot	0.019
capt	navy	0.0215
boat	navy	0.020499999999999997
clock	navy	0.0195
navy	vessel	0.0195
board	navy	0.019
navy	witnesses	0.018
navy	shot	0.017
boat	capt	0.02
capt	clock	0.019000000000000003
capt	vessel	0.019000000000000003
board	capt	0.018500000000000003
capt	witnesses	0.0175
capt	shot	0.0165
boat	clock	0.018000000000000002
boat	vessel	0.018000000000000002
board	boat	0.0175
boat	witnesses	0.0165
boat	shot	0.0155
clock	vessel	0.017
board	clock	0.0165
clock	witnesses	0.0155
clock	shot	0.0145
board	vessel	0.0165
vessel	witnesses	0.0155
shot	vessel	0.0145
board	witnesses	0.015
board	shot	0.014
shot	witnesses	0.013000000000000001
assessed	tobacco	0.0485
school	tobacco	0.047
encumbrance	tobacco	0.045
liquor	tobacco	0.043500000000000004
manufacture	tobacco	0.042
etc	tobacco	0.0415
commission	tobacco	0.041
smoking	tobacco	0.041
selling	tobacco	0.041
assessed	school	0.0295
assessed	encumbrance	0.0275
assessed	liquor	0.026000000000000002
assessed	manufacture	0.0245
assessed	etc	0.024
assessed	commission	0.0235
assessed	smoking	0.0235
assessed	selling	0.0235
encumbrance	school	0.026000000000000002
liquor	school	0.0245
manufacture	school	0.023
etc	school	0.0225
commission	school	0.022
school	smoking	0.022
school	selling	0.022
encumbrance	liquor	0.0225
encumbrance	manufacture	0.020999999999999998
encumbrance	etc	0.0205
commission	encumbrance	0.02
encumbrance	smoking	0.02
encumbrance	selling	0.02
liquor	manufacture	0.0195
etc	liquor	0.019000000000000003
commission	liquor	0.018500000000000003
liquor	smoking	0.018500000000000003
liquor	selling	0.018500000000000003
etc	manufacture	0.0175
commission	manufacture	0.017
manufacture	smoking	0.017
manufacture	selling	0.017
commission	etc	0.0165
etc	smoking	0.0165
etc	selling	0.0165
commission	smoking	0.016
commission	selling	0.016
selling	smoking	0.016
mr	states	0.0185
confederate	mr	0.0165
mr	state	0.015
government	mr	0.014499999999999999
bill	mr	0.013999999999999999
mr	president	0.0135
congress	mr	0.0135
committee	mr	0.0135
house	mr	0.0135
confederate	states	0.016
state	states	0.014499999999999999
government	states	0.013999999999999999
bill	states	0.013499999999999998
president	states	0.013
congress	states	0.013
committee	states	0.013
house	states	0.013
confederate	state	0.0125
confederate	government	0.012
bill	confederate	0.0115
confederate	president	0.011
confederate	congress	0.011
committee	confederate	0.011
confederate	house	0.011
government	state	0.010499999999999999
bill	state	0.009999999999999998
president	state	0.0095
congress	state	0.0095
committee	state	0.0095
house	state	0.0095
bill	government	0.0095
government	president	0.009000000000000001
congress	government	0.009000000000000001
committee	government	0.009000000000000001
government	house	0.009000000000000001
bill	president	0.0085
bill	congress	0.0085
bill	committee	0.0085
bill	house	0.0085
congress	president	0.008
committee	president	0.008
house	president	0.008
committee	congress	0.008
congress	house	0.008
committee	house	0.008
army	enemy	0.023
enemy	general	0.021
enemy	wounded	0.0195
cavalry	enemy	0.0195
enemy	force	0.019
enemy	troops	0.019
battle	enemy	0.018500000000000003
enemy	yankees	0.018000000000000002
enemy	gen	0.018000000000000002
army	general	0.015
army	wounded	0.013500000000000002
army	cavalry	0.013500000000000002
army	force	0.013000000000000001
army	troops	0.013000000000000001
army	battle	0.0125
army	yankees	0.012
army	gen	0.012
general	wounded	0.0115
cavalry	general	0.0115
force	general	0.011
general	troops	0.011
battle	general	0.010499999999999999
general	yankees	0.01
gen	general	0.01
cavalry	wounded	0.01
force	wounded	0.0095
troops	wounded	0.0095
battle	wounded	0.009000000000000001
wounded	yankees	0.0085
gen	wounded	0.0085
cavalry	force	0.0095
cavalry	troops	0.0095
battle	cavalry	0.009000000000000001
cavalry	yankees	0.0085
cavalry	gen	0.0085
force	troops	0.009
battle	force	0.0085
force	yankees	0.008
force	gen	0.008
battle	troops	0.0085
troops	yankees	0.008
gen	troops	0.008
battle	yankees	0.0075
battle	gen	0.0075
gen	yankees	0.007
court	yesterday	0.024
charged	court	0.022
court	mayor	0.020999999999999998
case	court	0.020499999999999997
arrested	court	0.019
charge	court	0.019
court	slave	0.0185
court	negro	0.018
court	house	0.018
charged	yesterday	0.019999999999999997
mayor	yesterday	0.019
case	yesterday	0.0185
arrested	yesterday	0.017
charge	yesterday	0.017
slave	yesterday	0.0165
negro	yesterday	0.016
house	yesterday	0.016
charged	mayor	0.017
case	charged	0.0165
arrested	charged	0.015
charge	charged	0.015
charged	slave	0.014499999999999999
charged	negro	0.013999999999999999
charged	house	0.013999999999999999
case	mayor	0.0155
arrested	mayor	0.014
charge	mayor	0.014
mayor	slave	0.0135
mayor	negro	0.013000000000000001
house	mayor	0.013000000000000001
arrested	case	0.0135
case	charge	0.0135
case	slave	0.013
case	negro	0.0125
case	house	0.0125
arrested	charge	0.012
arrested	slave	0.0115
arrested	negro	0.011
arrested	house	0.011
charge	slave	0.0115
charge	negro	0.011
charge	house	0.011
negro	slave	0.010499999999999999
house	slave	0.010499999999999999
house	negro	0.01
gen	river	0.029
gen	yankee	0.026000000000000002
city	gen	0.025
captured	gen	0.025
gen	york	0.0245
gen	prisoners	0.024
gen	miles	0.0225
gen	washington	0.022
gen	morning	0.022
river	yankee	0.022
city	river	0.021
captured	river	0.021
river	york	0.0205
prisoners	river	0.02
miles	river	0.018500000000000003
river	washington	0.018000000000000002
morning	river	0.018000000000000002
city	yankee	0.018000000000000002
captured	yankee	0.018000000000000002
yankee	york	0.0175
prisoners	yankee	0.017
miles	yankee	0.0155
washington	yankee	0.015
morning	yankee	0.015
captured	city	0.017
city	york	0.0165
city	prisoners	0.016
city	miles	0.0145
city	washington	0.014
city	morning	0.014
captured	york	0.0165
captured	prisoners	0.016
captured	miles	0.0145
captured	washington	0.014
captured	morning	0.014
prisoners	york	0.0155
miles	york	0.014
washington	york	0.0135
morning	york	0.0135
miles	prisoners	0.0135
prisoners	washington	0.013
morning	prisoners	0.013
miles	washington	0.0115
miles	morning	0.0115
morning	washington	0.011
district	governor	0.046
district	mh	0.042499999999999996
commonwealth	district	0.0385
district	election	0.035
district	virginia	0.0335
district	norfolk	0.0315
city	district	0.0315
district	petersburg	0.031
counties	district	0.03
governor	mh	0.041499999999999995
commonwealth	governor	0.0375
election	governor	0.034
governor	virginia	0.0325
governor	norfolk	0.0305
city	governor	0.0305
governor	petersburg	0.03
counties	governor	0.028999999999999998
commonwealth	mh	0.034
election	mh	0.0305
mh	virginia	0.028999999999999998
mh	norfolk	0.027
city	mh	0.027
mh	petersburg	0.0265
counties	mh	0.0255
commonwealth	election	0.0265
commonwealth	virginia	0.025
commonwealth	norfolk	0.023
city	commonwealth	0.023
commonwealth	petersburg	0.0225
commonwealth	counties	0.0215
election	virginia	0.0215
election	norfolk	0.0195
city	election	0.0195
election	petersburg	0.019
counties	election	0.018
norfolk	virginia	0.018000000000000002
city	virginia	0.018000000000000002
petersburg	virginia	0.0175
counties	virginia	0.0165
city	norfolk	0.016
norfolk	petersburg	0.0155
counties	norfolk	0.014499999999999999
city	petersburg	0.0155
city	counties	0.014499999999999999
counties	petersburg	0.013999999999999999
house	street	0.056
street	streets	0.052000000000000005
corner	street	0.051000000000000004
broad	street	0.044000000000000004
cary	street	0.044000000000000004
store	street	0.042
franklin	street	0.0415
street	sts	0.0405
building	street	0.0405
house	streets	0.040999999999999995
corner	house	0.04
broad	house	0.033
cary	house	0.033
house	store	0.031
franklin	house	0.0305
house	sts	0.0295
building	house	0.0295
corner	streets	0.036000000000000004
broad	streets	0.028999999999999998
cary	streets	0.028999999999999998
store	streets	0.027
franklin	streets	0.0265
streets	sts	0.0255
building	streets	0.0255
broad	corner	0.028000000000000004
cary	corner	0.028000000000000004
corner	store	0.026000000000000002
corner	franklin	0.025500000000000002
corner	sts	0.0245
building	corner	0.0245
broad	cary	0.021
broad	store	0.019000000000000003
broad	franklin	0.018500000000000003
broad	sts	0.0175
broad	building	0.0175
cary	store	0.019000000000000003
cary	franklin	0.018500000000000003
cary	sts	0.0175
building	cary	0.0175
franklin	store	0.0165
store	sts	0.0155
building	store	0.0155
franklin	sts	0.015
building	franklin	0.015
building	sts	0.014
gap	wood	0.039
gap	notices	0.0365
barrel	gap	0.034
brandy	gap	0.033
gap	wagner	0.0315
bermuda	gap	0.031
gap	whiskey	0.0305
dust	gap	0.0295
gap	wallace	0.028999999999999998
notices	wood	0.0325
barrel	wood	0.030000000000000002
brandy	wood	0.029
wagner	wood	0.027500000000000004
bermuda	wood	0.027000000000000003
whiskey	wood	0.026500000000000003
dust	wood	0.025500000000000002
wallace	wood	0.025
barrel	notices	0.0275
brandy	notices	0.0265
notices	wagner	0.025
bermuda	notices	0.0245
notices	whiskey	0.024
dust	notices	0.023
notices	wallace	0.0225
barrel	brandy	0.024
barrel	wagner	0.0225
barrel	bermuda	0.022
barrel	whiskey	0.0215
barrel	dust	0.0205
barrel	wallace	0.02
brandy	wagner	0.0215
bermuda	brandy	0.020999999999999998
brandy	whiskey	0.020499999999999997
brandy	dust	0.0195
brandy	wallace	0.019
bermuda	wagner	0.0195
wagner	whiskey	0.019
dust	wagner	0.018000000000000002
wagner	wallace	0.0175
bermuda	whiskey	0.0185
bermuda	dust	0.0175
bermuda	wallace	0.017
dust	whiskey	0.017
wallace	whiskey	0.0165
dust	wallace	0.0155
cotton	market	0.0365
corn	cotton	0.03
cotton	prices	0.03
cotton	pound	0.028499999999999998
cotton	price	0.027999999999999997
cotton	flour	0.027499999999999997
cotton	salt	0.0265
cotton	pounds	0.0255
cotton	wheat	0.0255
corn	market	0.0295
market	prices	0.0295
market	pound	0.027999999999999997
market	price	0.027499999999999997
flour	market	0.026999999999999996
market	salt	0.026
market	pounds	0.024999999999999998
market	wheat	0.024999999999999998
corn	prices	0.023
corn	pound	0.0215
corn	price	0.020999999999999998
corn	flour	0.020499999999999997
corn	salt	0.0195
corn	pounds	0.0185
corn	wheat	0.0185
pound	prices	0.0215
price	prices	0.020999999999999998
flour	prices	0.020499999999999997
prices	salt	0.0195
pounds	prices	0.0185
prices	wheat	0.0185
pound	price	0.0195
flour	pound	0.019
pound	salt	0.018000000000000002
pound	pounds	0.017
pound	wheat	0.017
flour	price	0.0185
price	salt	0.0175
pounds	price	0.0165
price	wheat	0.0165
flour	salt	0.017
flour	pounds	0.016
flour	wheat	0.016
pounds	salt	0.015
salt	wheat	0.015
pounds	wheat	0.014
june	stealing	0.0615
august	stealing	0.0535
je	stealing	0.0525
department	stealing	0.05
inspector	stealing	0.048
stealing	va	0.047
hat	stealing	0.0465
fined	stealing	0.0465
dollars	stealing	0.0465
august	june	0.037
je	june	0.036
department	june	0.0335
inspector	june	0.0315
june	va	0.0305
hat	june	0.03
fined	june	0.03
dollars	june	0.03
august	je	0.028
august	department	0.025500000000000002
august	inspector	0.0235
august	va	0.0225
august	hat	0.022
august	fined	0.022
august	dollars	0.022
department	je	0.0245
inspector	je	0.0225
je	va	0.0215
hat	je	0.020999999999999998
fined	je	0.020999999999999998
dollars	je	0.020999999999999998
department	inspector	0.019999999999999997
department	va	0.019
department	hat	0.0185
department	fined	0.0185
department	dollars	0.0185
inspector	va	0.017
hat	inspector	0.0165
fined	inspector	0.0165
dollars	inspector	0.0165
hat	va	0.0155
fined	va	0.0155
dollars	va	0.0155
fined	hat	0.015
dollars	hat	0.015
dollars	fined	0.015
horses	hundred	0.045
horses	sale	0.044
danville	horses	0.041999999999999996
horses	pounds	0.0405
horses	ranaway	0.037
horses	mules	0.036000000000000004
horses	likely	0.035500000000000004
horse	horses	0.0345
horses	raised	0.034
hundred	sale	0.041999999999999996
danville	hundred	0.039999999999999994
hundred	pounds	0.0385
hundred	ranaway	0.034999999999999996
hundred	mules	0.034
hundred	likely	0.0335
horse	hundred	0.0325
hundred	raised	0.032
danville	sale	0.039
pounds	sale	0.037500000000000006
ranaway	sale	0.034
mules	sale	0.033
likely	sale	0.0325
horse	sale	0.0315
raised	sale	0.031
danville	pounds	0.035500000000000004
danville	ranaway	0.032
danville	mules	0.031
danville	likely	0.0305
danville	horse	0.0295
danville	raised	0.028999999999999998
pounds	ranaway	0.0305
mules	pounds	0.029500000000000002
likely	pounds	0.029
horse	pounds	0.028
pounds	raised	0.027500000000000004
mules	ranaway	0.026000000000000002
likely	ranaway	0.025500000000000002
horse	ranaway	0.0245
raised	ranaway	0.024
likely	mules	0.0245
horse	mules	0.0235
mules	raised	0.023
horse	likely	0.023
likely	raised	0.0225
horse	raised	0.0215
railroad	tennessee	0.0485
jackson	railroad	0.0395
gen	railroad	0.0395
railroad	train	0.0385
chattanooga	railroad	0.034
lynchburg	railroad	0.033
east	railroad	0.0325
railroad	staunton	0.032
railroad	river	0.032
jackson	tennessee	0.039
gen	tennessee	0.039
tennessee	train	0.038
chattanooga	tennessee	0.0335
lynchburg	tennessee	0.0325
east	tennessee	0.032
staunton	tennessee	0.0315
river	tennessee	0.0315
gen	jackson	0.03
jackson	train	0.028999999999999998
chattanooga	jackson	0.0245
jackson	lynchburg	0.0235
east	jackson	0.023
jackson	staunton	0.0225
jackson	river	0.0225
gen	train	0.028999999999999998
chattanooga	gen	0.0245
gen	lynchburg	0.0235
east	gen	0.023
gen	staunton	0.0225
gen	river	0.0225
chattanooga	train	0.0235
lynchburg	train	0.0225
east	train	0.022
staunton	train	0.0215
river	train	0.0215
chattanooga	lynchburg	0.018000000000000002
chattanooga	east	0.0175
chattanooga	staunton	0.017
chattanooga	river	0.017
east	lynchburg	0.0165
lynchburg	staunton	0.016
lynchburg	river	0.016
east	staunton	0.0155
east	river	0.0155
river	staunton	0.015
clothing	stolen	0.039
goods	stolen	0.035
articles	stolen	0.032
shoes	stolen	0.0305
pair	stolen	0.0305
ladies	stolen	0.028
mosby	stolen	0.027
stolen	store	0.027
cloth	stolen	0.027
clothing	goods	0.034
articles	clothing	0.031
clothing	shoes	0.0295
clothing	pair	0.0295
clothing	ladies	0.027
clothing	mosby	0.026
clothing	store	0.026
cloth	clothing	0.026
articles	goods	0.027
goods	shoes	0.025500000000000002
goods	pair	0.025500000000000002
goods	ladies	0.023
goods	mosby	0.022
goods	store	0.022
cloth	goods	0.022
articles	shoes	0.0225
articles	pair	0.0225
articles	ladies	0.02
articles	mosby	0.019
articles	store	0.019
articles	cloth	0.019
pair	shoes	0.021
ladies	shoes	0.018500000000000003
mosby	shoes	0.0175
shoes	store	0.0175
cloth	shoes	0.0175
ladies	pair	0.018500000000000003
mosby	pair	0.0175
pair	store	0.0175
cloth	pair	0.0175
ladies	mosby	0.015
ladies	store	0.015
cloth	ladies	0.015
mosby	store	0.014
cloth	mosby	0.014
cloth	store	0.014
dollars	reward	0.0745
feet	reward	0.0715
negro	reward	0.0655
inches	reward	0.0655
black	reward	0.0625
delivery	reward	0.0605
hundred	reward	0.058499999999999996
boy	reward	0.058499999999999996
paid	reward	0.057999999999999996
dollars	feet	0.054
dollars	negro	0.048
dollars	inches	0.048
black	dollars	0.045
delivery	dollars	0.043000000000000003
dollars	hundred	0.041
boy	dollars	0.041
dollars	paid	0.0405
feet	negro	0.045
feet	inches	0.045
black	feet	0.041999999999999996
delivery	feet	0.04
feet	hundred	0.038
boy	feet	0.038
feet	paid	0.0375
inches	negro	0.039
black	negro	0.036000000000000004
delivery	negro	0.034
hundred	negro	0.032
boy	negro	0.032
negro	paid	0.0315
black	inches	0.036000000000000004
delivery	inches	0.034
hundred	inches	0.032
boy	inches	0.032
inches	paid	0.0315
black	delivery	0.031
black	hundred	0.029
black	boy	0.029
black	paid	0.0285
delivery	hundred	0.027000000000000003
boy	delivery	0.027000000000000003
delivery	paid	0.026500000000000003
boy	hundred	0.025
hundred	paid	0.0245
boy	paid	0.0245
association	fe	0.054
fe	penitentiary	0.047
exempt	fe	0.0445
fe	institute	0.042499999999999996
fe	hall	0.0415
fe	indispensable	0.0405
contributions	fe	0.0395
fe	society	0.039
fe	mechanics	0.036000000000000004
association	penitentiary	0.046
association	exempt	0.0435
association	institute	0.041499999999999995
association	hall	0.0405
association	indispensable	0.0395
association	contributions	0.0385
association	society	0.038
association	mechanics	0.035
exempt	penitentiary	0.036500000000000005
institute	penitentiary	0.0345
hall	penitentiary	0.0335
indispensable	penitentiary	0.0325
contributions	penitentiary	0.0315
penitentiary	society	0.031
mechanics	penitentiary	0.028
exempt	institute	0.032
exempt	hall	0.031
exempt	indispensable	0.03
contributions	exempt	0.029
exempt	society	0.0285
exempt	mechanics	0.025500000000000002
hall	institute	0.028999999999999998
indispensable	institute	0.027999999999999997
contributions	institute	0.027
institute	society	0.0265
institute	mechanics	0.0235
hall	indispensable	0.027
contributions	hall	0.026000000000000002
hall	society	0.025500000000000002
hall	mechanics	0.0225
contributions	indispensable	0.025
indispensable	society	0.0245
indispensable	mechanics	0.0215
contributions	society	0.0235
contributions	mechanics	0.0205
mechanics	society	0.02
assistant	hospital	0.052500000000000005
furnished	hospital	0.0485
hospital	medical	0.0455
charge	hospital	0.0435
hospital	regulations	0.0425
hospital	private	0.0415
hospital	hospitals	0.041
circular	hospital	0.04
board	hospital	0.0395
assistant	furnished	0.045
assistant	medical	0.042
assistant	charge	0.04
assistant	regulations	0.039
assistant	private	0.038
assistant	hospitals	0.0375
assistant	circular	0.036500000000000005
assistant	board	0.036000000000000004
furnished	medical	0.038000000000000006
charge	furnished	0.036000000000000004
furnished	regulations	0.035
furnished	private	0.034
furnished	hospitals	0.0335
circular	furnished	0.0325
board	furnished	0.032
charge	medical	0.033
medical	regulations	0.032
medical	private	0.031
hospitals	medical	0.0305
circular	medical	0.029500000000000002
board	medical	0.029
charge	regulations	0.03
charge	private	0.028999999999999998
charge	hospitals	0.028499999999999998
charge	circular	0.0275
board	charge	0.027
private	regulations	0.028
hospitals	regulations	0.0275
circular	regulations	0.026500000000000003
board	regulations	0.026000000000000002
hospitals	private	0.0265
circular	private	0.025500000000000002
board	private	0.025
circular	hospitals	0.025
board	hospitals	0.0245
board	circular	0.0235
rebel	sherman	0.064
rebel	rebels	0.059
atlanta	rebel	0.059
local	rebel	0.054
kentucky	rebel	0.05
ga	rebel	0.0495
georgia	rebel	0.049
rebel	reserve	0.048
rebel	wilmington	0.0475
rebels	sherman	0.046
atlanta	sherman	0.046
local	sherman	0.040999999999999995
kentucky	sherman	0.037
ga	sherman	0.0365
georgia	sherman	0.036
reserve	sherman	0.034999999999999996
sherman	wilmington	0.034499999999999996
atlanta	rebels	0.041
local	rebels	0.036000000000000004
kentucky	rebels	0.032
ga	rebels	0.0315
georgia	rebels	0.031
rebels	reserve	0.03
rebels	wilmington	0.0295
atlanta	local	0.036000000000000004
atlanta	kentucky	0.032
atlanta	ga	0.0315
atlanta	georgia	0.031
atlanta	reserve	0.03
atlanta	wilmington	0.0295
kentucky	local	0.027
ga	local	0.0265
georgia	local	0.026000000000000002
local	reserve	0.025
local	wilmington	0.0245
ga	kentucky	0.0225
georgia	kentucky	0.022
kentucky	reserve	0.020999999999999998
kentucky	wilmington	0.020499999999999997
ga	georgia	0.0215
ga	reserve	0.020499999999999997
ga	wilmington	0.019999999999999997
georgia	reserve	0.02
georgia	wilmington	0.0195
reserve	wilmington	0.0185
clock	friends	0.034
clock	residence	0.034
church	clock	0.031
clock	died	0.0305
clock	funeral	0.0305
aged	clock	0.03
clock	family	0.03
attend	clock	0.0295
clock	morning	0.028999999999999998
friends	residence	0.029
church	friends	0.026000000000000002
died	friends	0.025500000000000002
friends	funeral	0.025500000000000002
aged	friends	0.025
family	friends	0.025
attend	friends	0.0245
friends	morning	0.024
church	residence	0.026000000000000002
died	residence	0.025500000000000002
funeral	residence	0.025500000000000002
aged	residence	0.025
family	residence	0.025
attend	residence	0.0245
morning	residence	0.024
church	died	0.0225
church	funeral	0.0225
aged	church	0.022
church	family	0.022
attend	church	0.0215
church	morning	0.020999999999999998
died	funeral	0.022
aged	died	0.0215
died	family	0.0215
attend	died	0.020999999999999998
died	morning	0.020499999999999997
aged	funeral	0.0215
family	funeral	0.0215
attend	funeral	0.020999999999999998
funeral	morning	0.020499999999999997
aged	family	0.021
aged	attend	0.0205
aged	morning	0.02
attend	family	0.0205
family	morning	0.02
attend	morning	0.0195
fire	night	0.0115
night	water	0.011
feet	night	0.009000000000000001
caught	night	0.009000000000000001
cold	night	0.009000000000000001
fell	night	0.009000000000000001
night	saw	0.0085
broken	night	0.0085
night	room	0.0085
fire	water	0.010499999999999999
feet	fire	0.0085
caught	fire	0.0085
cold	fire	0.0085
fell	fire	0.0085
fire	saw	0.008
broken	fire	0.008
fire	room	0.008
feet	water	0.008
caught	water	0.008
cold	water	0.008
fell	water	0.008
saw	water	0.0075
broken	water	0.0075
room	water	0.0075
caught	feet	0.006
cold	feet	0.006
feet	fell	0.006
feet	saw	0.0055
broken	feet	0.0055
feet	room	0.0055
caught	cold	0.006
caught	fell	0.006
caught	saw	0.0055
broken	caught	0.0055
caught	room	0.0055
cold	fell	0.006
cold	saw	0.0055
broken	cold	0.0055
cold	room	0.0055
fell	saw	0.0055
broken	fell	0.0055
fell	room	0.0055
broken	saw	0.005
room	saw	0.005
broken	room	0.005
dispatch	substitute	0.0575
dispatch	express	0.053500000000000006
dispatch	price	0.051500000000000004
dispatch	office	0.0465
dispatch	paper	0.0425
daily	dispatch	0.041
adams	dispatch	0.0395
coal	dispatch	0.0385
dispatch	forwarded	0.037000000000000005
express	substitute	0.053000000000000005
price	substitute	0.051000000000000004
office	substitute	0.046
paper	substitute	0.042
daily	substitute	0.0405
adams	substitute	0.039
coal	substitute	0.038
forwarded	substitute	0.036500000000000005
express	price	0.047
express	office	0.042
express	paper	0.038
daily	express	0.036500000000000005
adams	express	0.035
coal	express	0.034
express	forwarded	0.0325
office	price	0.04
paper	price	0.036
daily	price	0.0345
adams	price	0.033
coal	price	0.032
forwarded	price	0.0305
office	paper	0.031
daily	office	0.029500000000000002
adams	office	0.028000000000000004
coal	office	0.027000000000000003
forwarded	office	0.025500000000000002
daily	paper	0.025500000000000002
adams	paper	0.024
coal	paper	0.023
forwarded	paper	0.0215
adams	daily	0.0225
coal	daily	0.0215
daily	forwarded	0.02
adams	coal	0.02
adams	forwarded	0.018500000000000003
coal	forwarded	0.0175